ID_TIKICARD,HANSUDUNG,PT_HOANTIENTC,QUATANGTC,ID_KH
1,5/9/2020 0:53,0,5725Y3H6BAKFSKGSCBLCW4ONC0IP6LBLUUA6CJJ5A,9566
2,3/4/2021 12:26,5,WLELOOY8T3BB8X0NVBB1Z7BZSPZL8GU0CIFG3HNID,6335
3,6/4/2020 5:59,10,WC95U3V8NNOTSDW9HYSSQZPCH4MVPDVN75JD7Q2,4851
4,11/28/2020 20:55,15,Z9WDYF,7272
5,11/10/2021 19:44,20,KO6TOT2RS2O5DHBV6F1WV6T,71
6,5/2/2021 0:14,0,4A3S9D,9546
7,5/25/2021 3:38,5,BLAIZ1,2087
8,3/28/2021 19:58,10,PWYR8F,4661
9,2/2/2021 19:17,15,VECRBAJ1CG3WTS4998PP15Z3SLHVN6WPZPLZ,2840
10,10/30/2020 15:25,20,5J0L5PVE8PHYGHY,3433
11,5/28/2022 18:07,0,7UWKXZ0TVA45BQDBB,5286
12,9/27/2020 21:04,5,H0VDMLMO67XHK1NP,4822
13,4/19/2022 8:13,10,QPOHNPU0ZJNN,2289
14,12/1/2022 11:21,15,6GF5TGXLI5XVJRQQSE9XTQMDWTYT7FAQGK,8873
15,10/6/2021 23:40,20,13D2CO,122
16,5/3/2021 14:39,0,2SQGR5,9963
17,6/25/2020 8:26,5,336S03,5490
18,8/15/2022 0:19,10,TIWFL,700
19,1/30/2020 2:56,15,Z2Q4OG,5017
20,5/26/2020 6:34,20,1FM6TO8QF3CDS4F1LIAS594UUE1TJXEB4691OHOIRL9MJA73E,99
21,5/17/2022 9:33,0,FTZFDINA4FF9JN28IHFCZ7ZOZ7NHJW68X4BA4BNC,7460
22,3/8/2020 8:37,5,7HHCS1,9986
23,3/2/2020 6:31,10,1JDILY,1809
24,1/20/2020 5:35,15,0YBSQZ7GQI7Z8SNVB1AWT948O8NLD2AF,6928
25,9/2/2022 23:48,20,7JV3P97QCRLJ,797
26,2/10/2021 4:36,0,ZO28B6P57QH8A2GET5U3IOPFU6OCKS0PU5LFWPW,3789
27,7/8/2020 5:01,5,KW0A3I,4212
28,6/4/2020 19:40,10,2MXA87ES2KWJG3NJIZ3TALW5P3EPS,1825
29,10/13/2022 13:40,15,S6QHMU,6344
30,8/30/2020 8:12,20,OWXY7TVCRUML2YO0VCZVSJWMQT5BU1R2148DTD0PMF,6915
31,3/15/2022 7:32,0,KGJSSZKDJRGEXRZ99FDFJE0FM3PJLY,6555
32,11/27/2020 16:05,5,EP0LWYAMC5STLEYJ30VUCD4RPG8BTSIL6QF8J9E4WHDTNGJ0J,4959
33,3/2/2022 2:57,10,0CBVFULC6K63MC4PLSTD3701KODJ41AOO7P4RHEXEUFAHZ8,595
34,7/25/2022 18:12,15,BMDLPK5,5108
35,12/14/2020 7:44,20,H8YZ6CHZDPUJ6NQTUPCWFXP9TPNT1O0AWG21ENI7MGKQB,2074
36,8/1/2021 11:46,0,VOXIPI,42
37,12/8/2022 3:15,5,S2PRXKI1BRZM4CNKE9ETV3JN8OHY,1046
38,9/6/2021 6:34,10,4CKW59,9700
39,3/15/2022 19:35,15,NNQDC3,9285
40,8/6/2022 11:21,20,336S03,2206
41,1/15/2020 3:34,0,TFTEP6,4178
42,9/12/2020 21:34,5,0K4B4BMZJGMBBKO7FLSDOLM4B,1827
43,9/29/2022 22:01,10,J5NJKE45I6ZBEXG,7157
44,12/28/2021 19:08,15,SSH402,5062
45,1/15/2020 11:04,20,MBBEB2,4823
46,2/15/2022 22:46,0,9YBIDXQ48CKIIGXN8HQP433FNIJE5URHQ8A,9728
47,12/27/2021 10:43,5,SU6FJ5EHG3AENYFPXBY35170SZBWWEUJLPKQNEQQDW5O9,7562
48,4/24/2022 6:57,10,6BPZMLTP3XQ4QNT,2680
49,4/19/2021 19:39,15,JM5P5Z,6030
50,10/24/2022 2:38,20,96NDT8,373
51,7/27/2021 20:30,0,MHIDVA29BEXE,2200
52,8/12/2020 2:02,5,P26DGXRZ6QOFK6NG4DHEEZOSG22FDKLTIYQB10BYOZNTRIAA,1408
53,8/11/2021 15:29,10,CENRN9,6129
54,5/24/2022 16:12,15,72V6OOE18UTIWV30D2Y0GS6HGSU,5534
55,6/15/2021 16:41,20,0OMAWJ2FRDQFRDG374OHLFRGSI5VA5B,4354
56,3/2/2020 16:15,0,PLLWNH,5319
57,1/2/2021 5:55,5,K1KZ5Z1D1DK9VZL,4981
58,5/16/2020 0:23,10,TOUH3YHWY9P5Q4P55F9X,7386
59,3/27/2021 21:08,15,ZUKNV42HNYYCSJ9ACMZDS9COCME1511F1ILMT4GB,4593
60,9/30/2020 15:07,20,OXR0GG,6707
61,10/24/2020 19:12,0,GV6OLH1W6PMPVH1HRFZMUDF8G4EGI09D7VJ06ME9,NULL
62,12/20/2020 7:58,5,KSWPR4,4270
63,6/15/2021 6:19,10,LTFRI0,1675
64,6/5/2020 11:05,15,N054FB1JM9JSC2J8SL30GLOBA9PYO7A1N4V04Z1Z0BFYZW,522
65,8/17/2021 7:54,20,ZTWVMAZSBTM9EPMGZ46C4318EHZXO7MTS3C0B50VDXL6E28,8590
66,7/1/2021 2:02,0,WMAYFEU,2265
67,7/28/2021 18:07,5,NCZ935,7125
68,9/24/2022 14:01,10,97FDC,3086
69,12/18/2021 3:37,15,R1I4AT87S9TL2V48CZDTMBFEFX4Y0T3ZB598BW3PKIG,708
70,3/7/2020 11:54,20,WOSOG4,5649
71,5/26/2021 11:25,0,K762JMZX2EUVOOOB5HW32TSL49K7G65KWZ8O67NPPB,5916
72,10/19/2021 1:53,5,89ZZY81CHOSDCX8O2QLMNZQQJB3PLUIZXY7MVQ4106E,1365
73,6/1/2020 4:43,10,KAALNL,4120
74,6/24/2020 15:35,15,EGYGWDWG5QP45V5OUKUJFQNT95R,2821
75,5/12/2020 3:00,20,UMWMR9,5746
76,9/3/2021 11:59,0,MNBLXN,6828
77,6/8/2020 10:37,5,KA4E34,9144
78,3/4/2021 11:24,10,8PG288S6ZZGZLFY4FTUAB,2051
79,1/5/2020 18:31,15,6AL5DC,7258
80,7/18/2020 1:01,20,GHCESILSK6XQOT6,7332
81,2/13/2022 17:54,0,9PCMCF,9066
82,3/15/2021 22:05,5,GUI50O,8487
83,2/15/2022 0:01,10,OJFJV7B0SCLY9Q6EEO3SRRF63BUOV2PXQP06A4AT80WIJV,4804
84,12/20/2022 11:03,15,FZ8CQC,4266
85,2/2/2022 11:43,20,TMHXHX,3749
86,8/3/2021 5:29,0,MQNGCRVDCSCV0,3052
87,4/18/2022 0:36,5,955IIO,1526
88,10/8/2022 10:45,10,YK99RLFL21LR81WISDREACJU16I7,2959
89,2/9/2021 1:31,15,PLVNHTW8XDYJ4ACPWLWTD9A69BP0ZWFSN38E8SQTUI5MW,7604
90,10/13/2020 15:28,20,MWJOKGNVGK06Q07AW8RIVZAYZZ1TW4OL9UPXVYX3XSQITLOE6,6892
91,7/30/2020 5:51,0,GU32IPYORODTM5FUTXVQ7Z9,9477
92,7/25/2022 2:51,5,N9ZP0A,1513
93,6/11/2020 9:25,10,FAG7HZV9SRJYO9K,6645
94,6/15/2021 4:27,15,QPDLTC,9161
95,10/12/2021 16:08,20,PHMNRE,9154
96,1/24/2022 19:36,0,19PDEV3S3NV5K21XILUZLII,8054
97,3/30/2022 15:15,5,P6KDBESFQMKUSB8L5NBN28GPT5WH676KVPG2H5RH1S5K,1250
98,4/26/2022 10:56,10,WA48G5R4WJWZRKUFZYCRCDXCPODXK6WXEG7S2BTLVAQ,4362
99,5/13/2020 11:13,15,XWKBJC,9273
100,7/16/2021 9:03,20,7IKGAR,3378
101,7/21/2020 4:38,0,C81EYTXAXQFU2WULJ5B2X7TNCX95KDKOI,6853
102,4/3/2022 20:42,5,XD9OZC,1966
103,5/7/2020 3:20,10,WKFRFV4JXTV20X4WYAXO9LTW3RKKPHWT0SD6C5MV0778,8796
104,2/12/2021 7:45,15,RH7HK9,9759
105,5/30/2021 15:12,20,QKQT4E,1697
106,10/8/2022 18:37,0,C1UFLW,6301
107,3/12/2020 21:19,5,TUNAYI,1590
108,2/16/2021 23:54,10,EY713301O3ZRK107BFKRW21896UX08,530
109,1/12/2022 13:12,15,IZWX2H,9501
110,10/12/2022 4:43,20,4KY4UJWLYD1905NI2CR88DRVW7UFQJZGXMPQUWLLM,4463
111,9/24/2022 5:39,0,W3AEY6,9684
112,10/30/2022 18:32,5,W3ZNA8,8276
113,5/11/2020 5:52,10,TVN22R,6735
114,9/9/2020 20:06,15,39G07JL,531
115,8/16/2021 21:14,20,5HCME11QO9TXC8PYK9ALBF5E5ZL769HSLWEJC2BU,8221
116,8/10/2022 21:08,0,V0ZLXXQ2PKTPFAGKJXJMC13OX2WAC,4491
117,11/4/2021 7:58,5,EEURNM,2103
118,6/25/2021 19:17,10,6AOS9B,5914
119,5/2/2021 23:22,15,PYO2H2M8G0RRNNLBUNE9,7265
120,1/15/2020 2:25,20,S215I28T5Z1KMD31MQJF16XG4WQW2ZWK,660
121,3/15/2022 1:26,0,FPKOG6,8491
122,10/20/2021 7:22,5,EMA44E8TS65TWTBM8BM4GRI48NW0H8N92,4321
123,8/15/2021 12:30,10,744QSUO1PYPG8HRJD07SRFD405QVYDHFJGJWQNHVR,NULL
124,3/6/2021 12:08,15,QZAQXG,3999
125,8/8/2022 6:04,20,UUEW2FFV9FC4Q,4300
126,11/1/2021 8:35,0,CI8CO4,6168
127,5/9/2021 16:27,5,PCLO2B6RVTLZV9UOZGV8L683XUH8JS0H5WA,5010
128,12/17/2021 0:17,10,LLKZSBBQ7UTFEU4WYCYD5RA38PBV8D7D1XGME9CTF69AVL6CWG,746
129,9/11/2021 23:27,15,M9XPP83KVZ4PC71QIJKLGROKI9R98D15J3OLSJSKC,3150
130,4/17/2021 7:24,20,58BB01HGSEFYFMGJC4DXBLP1PS4VIW5OD1HOPWV217TEILDYH1,157
131,6/5/2022 20:44,0,3Q3DO936V6,9403
132,2/11/2021 23:42,5,FU1YCL,1070
133,10/22/2020 0:10,10,WCUSYN,9361
134,6/21/2021 9:28,15,UN91EP,9384
135,12/27/2022 20:24,20,9YRHKS,6623
136,11/11/2022 21:12,0,2FQ6XN639X9EIDHTBKTU9SCXUGF6P374SHZWI50TP8,7099
137,11/8/2020 18:44,5,IB9KRJ3ZF9SXOWNQ2,4702
138,1/2/2021 16:15,10,GGL82U,3423
139,7/22/2021 19:50,15,7W1VFDCAMB5B1KQE6SUG,9013
140,4/26/2022 17:06,20,MIP02GX8Q176JFTZ,NULL
141,5/23/2021 8:10,0,U8VSKD,2818
142,3/1/2021 0:42,5,U3AE8QI6FTA0IB5BO2WNSF3QQPP5IBPBADFL6O4U5MO4VIQY6D,524
143,9/25/2020 21:33,10,SABMI,5707
144,4/29/2021 20:48,15,Y8K2V4,6539
145,1/19/2021 9:50,20,TNSUMS,1503
146,9/29/2020 11:20,0,7VZU2QL4GU93HIKY66,9880
147,3/15/2022 20:58,5,0LD8BT,4590
148,10/1/2022 13:20,10,QH2CGF307S1QZPIM2X4VFM9VAONFC6P1Y4T,2681
149,10/29/2022 7:14,15,GMCZUPB,1849
150,3/3/2022 19:01,20,ON702B11V0XNI1ZOUV01GA04FAL99BHYSXHU,9586
151,3/22/2020 11:38,0,Y0DEVT0R4U7Y0VXCXNROXCI27C7GHK6DAJ3FXX304,5984
152,10/4/2020 19:58,5,YGNDNSMX96T6HLMW21HRV4SM0YSTL,8390
153,12/24/2020 11:33,10,DDKT4Q9PMZFC2NATGKCDU2C861,4065
154,4/29/2020 8:48,15,EG5VYM,821
155,5/3/2022 7:37,20,CEPWJF,5606
156,9/30/2021 21:16,0,FZGS2T,2168
157,8/19/2020 8:12,5,JJN1E9,3914
158,3/2/2022 15:13,10,FTQ0JP,7613
159,7/7/2021 1:41,15,PUWQS2T222KO96DM142FJT8S9M8GE2GUAY8AZH3QU,4318
160,7/29/2022 6:38,20,XYQXI,1982
161,6/1/2021 2:10,0,FMV76BEJ9SGAUJNKBU97FIPDJPZA2EU31PUMD8STRUPM52,7811
162,3/26/2021 21:02,5,O5IP9T,4696
163,6/7/2022 0:27,10,R1OD5OZ30BL,9921
164,9/27/2020 5:48,15,1FLV8WHB9GO6TWS70HA8Z439VW2S2HM2ELNBCOGW8GC4,4522
165,5/8/2020 7:59,20,G5BPV0,8065
166,8/12/2021 5:57,0,UCL28BQ5V3D91KXJ,5151
167,1/8/2022 18:21,5,NY0GZ8,6897
168,11/19/2021 20:24,10,K4ITJB,8671
169,9/12/2020 23:43,15,259ABH,8886
170,10/5/2021 0:02,20,J6RO2S,3675
171,10/2/2021 2:24,0,HUHL3F,846
172,11/1/2020 15:42,5,BCPOHUYYH7CXXYVCME6JO0U3PLJ91URXZYFUPYKU3WGU,3250
173,12/3/2022 23:27,10,8ZOYSZ,1918
174,1/6/2022 6:16,15,1DIGBWG,4880
175,8/23/2021 18:16,20,KFXQMU74ANLVKFHKVJC045SQL57U475A0GLUNSQYPK1,6375
176,1/14/2021 0:44,0,KSND2LS,3094
177,1/24/2021 9:49,5,9K8YLSWCOZVYGIOY2YS956EGD3NDQFOZ5,7881
178,4/17/2020 15:41,10,42XVWC,1841
179,2/16/2020 2:18,15,3Y4NN656J3O7BP49KJWJSN3G8JLCF5XOSJ,8904
180,11/8/2021 18:44,20,Z11BFW,669
181,8/18/2022 11:37,0,ZM4GT9,1496
182,8/8/2021 3:08,5,V3A9VPI9NECGIU1QD5U6YI43M,335
183,2/17/2022 17:04,10,Z0WM717DZLQQHVD0OZNLJFEJFEHMCG7K8PJ,9985
184,7/11/2022 4:27,15,0OMAWJ2FRDQFRDG374OHLFRGSI5VA5B,1469
185,1/25/2021 19:45,20,OMOO6RJJ7A417FFGPRG8J1RR1SR7QAZZYDH0RQWW5LSNRH9TH,6473
186,9/1/2021 0:45,0,B4Y6TQ14B69SZMWCO3BF,6697
187,2/19/2020 12:08,5,T6HSQI,626
188,6/24/2020 15:21,10,RIW1WXHTNGL6GBVU70508VSYJWJNAWUWX2YY,4583
189,2/18/2022 1:52,15,SFI8PY87R6P52C,6475
190,3/28/2021 23:07,20,FYCFD6,7000
191,3/25/2022 13:00,0,H9RJJT,5942
192,9/8/2021 3:32,5,6878XL,6523
193,6/28/2022 14:35,10,86L49E,6058
194,12/24/2021 13:13,15,8S5QBL,9243
195,11/25/2020 14:55,20,ZOOC6YFUG4G71WD8SB61UAUK7G8EJ7NR85X7,4872
196,2/27/2020 11:07,0,591IAG3J5A9K9,1731
197,9/24/2021 0:15,5,I0J53252LIWHC3S6UH2JAKECJN6NAI07CBAU8LV05PEWR,8132
198,12/29/2022 15:45,10,I1DY6,7900
199,12/22/2020 12:49,15,J30XPD,8983
200,6/9/2022 3:54,20,L65I5HNA6BEC69N7LZZGMBV2CBFGT0ESA1,5552
201,9/20/2021 16:59,0,ZL7DXP8UZSOFNP94QAT0PUB,935
202,4/26/2020 0:33,5,NYE2GRF21QQY08,1048
203,1/18/2022 13:36,10,8OBXAU,3925
204,1/24/2021 7:11,15,ZYOYL3UH0N35K5LC5KV,2890
205,6/1/2020 16:37,20,RTS14G1LC46EEAPS7GEKL6P2ZYXXF3C,2300
206,5/20/2022 19:56,0,YXZMM7,9074
207,10/31/2020 20:31,5,0A5NS6A4VL,5047
208,12/18/2021 5:17,10,2X71XHB6ZU9KSP3ON9V7F47T3WI,7450
209,9/5/2021 14:33,15,CPMZGB,381
210,4/19/2021 6:53,20,S2S0H8,6053
211,9/6/2020 11:27,0,F1PAHAYIZDMJL7OAX8JBCLGH6AT3IYEPYX0D2414ZOKQ,4494
212,5/3/2020 16:31,5,89ZZY81CHOSDCX8O2QLMNZQQJB3PLUIZXY7MVQ4106E,5055
213,1/15/2022 12:55,10,CIRTLA,2703
214,8/28/2022 6:57,15,TAX0JGLB5U4GNSFW4190CU3Q9WQ80J7WS,3360
215,12/10/2022 19:01,20,W5PPZT7HWCL7C3PCYP6ZPTW74N,5605
216,10/23/2022 23:03,0,9T7SZ9,1782
217,2/6/2022 3:59,5,AJP0HDQXWDUU,6878
218,11/26/2022 20:01,10,YHNS48Y4BBDP43NRZ1EUVJIZ3ZR73TLKFQ5H,4781
219,9/1/2022 10:03,15,49J6JT2Z,9346
220,9/6/2021 7:14,20,093QYEL9KRFQNB92B6FOVPNUOJE9FHAJUOTYY3U94ON8O4DO1A,2354
221,6/23/2021 17:48,0,ZPLO6H,3018
222,7/17/2021 2:59,5,NW9BYS,9069
223,10/1/2022 18:33,10,HEG7A7,1601
224,6/17/2022 0:37,15,15YTID,3528
225,7/12/2022 11:03,20,K6I5G9NJKDEMSPHKM3FY4FTOB39L5D,916
226,1/24/2020 22:51,0,BPWU6W,9228
227,5/6/2021 1:08,5,R1MBS9,1436
228,12/10/2020 10:14,10,RF50S5,9938
229,2/10/2021 15:21,15,GLQYFWJ75WDC5D2CK79DQV64CPTK,3991
230,6/27/2021 7:09,20,87S7ST,3289
231,4/22/2022 0:29,0,DNW7QN,5335
232,1/25/2021 18:04,5,CAQNPZHYCC9KB40GLAEI0TRABDFXI7NC19FM81H7IUR5JC9,2202
233,4/26/2022 2:52,10,VC4DSU,4037
234,9/7/2020 22:24,15,GX35UKR6P16Y5HW7IOPELSGGAJT,281
235,2/19/2020 1:45,20,KFARPF,2689
236,4/24/2022 11:04,0,MGB92BKY2ZLEQW0TZ7,4426
237,7/20/2022 13:32,5,MW0SH5,3896
238,1/24/2021 9:52,10,X0ZPMH,5898
239,2/8/2022 11:50,15,YK99RLFL21LR81WISDREACJU16I7,8281
240,9/6/2021 23:50,20,KA6WPV,9871
241,10/31/2020 4:14,0,SCFD8EQ6E3UYJUA0TKG,7762
242,3/3/2021 6:51,5,JFSVMP,510
243,10/19/2021 0:49,10,FX0D1ABFZWP39Y9IIG7,8114
244,10/31/2020 18:58,15,HU6NTX,4064
245,7/22/2020 11:39,20,2O2SN1OL8A1W2ELXYQ3ZIA3OSAIU2W19DDF7XJV,849
246,11/21/2021 20:29,0,97FDC,1005
247,8/23/2022 14:37,5,D0QYKM,6155
248,10/31/2022 7:38,10,MBBEB2,5216
249,1/13/2022 18:13,15,KXWXW0,4842
250,2/1/2021 15:53,20,9E0HWYFZDIGAMRRTCSBXV10344RGLBS,7603
251,1/20/2021 7:08,0,KZKRHK,8503
252,10/28/2021 4:15,5,ZY8TYV,6872
253,4/29/2020 5:41,10,5NU7UP,4865
254,4/17/2022 5:36,15,NULL,7345
255,12/16/2020 10:05,20,1N7PFW,4700
256,3/6/2020 13:59,0,44SD2,3604
257,7/25/2020 6:00,5,X3GLOJ4GH4X61TU08W5GZ0AF8S1FQ1N177SOCMDLTG,8546
258,8/3/2022 13:00,10,A6WS3QXJRXT9CQGJ79UMUIFRQO1QFKS3Y6B,7936
259,7/14/2021 20:09,15,TF3JDJRNI4XL7Y33W93B9KH,8637
260,5/8/2020 17:45,20,V5QTIQVZE,186
261,1/14/2021 18:48,0,IE0X7LX496B,5060
262,11/21/2022 10:18,5,2MZC4N,8699
263,11/6/2020 13:56,10,NIZ2JU,2116
264,3/11/2020 7:24,15,YVQRXC,7682
265,12/28/2021 6:25,20,XC9H15OJ75XFB,5928
266,8/11/2022 17:23,0,85FW9Z,5476
267,1/7/2021 13:39,5,ODN29FNB79XJTJEG6AAZAT6JXXTUYS,4606
268,5/9/2021 14:30,10,TFQ7HZ6ENJGZOASLQJRIC3A0T4J2FNF8IWVK20,845
269,7/10/2022 5:12,15,C7MEK842YDZUX2ESWGSI15B,1788
270,8/18/2020 7:57,20,F2HUUY8NCXVAOZZWE5UGQ5LJZ8GCHEEDS90C,7234
271,4/5/2020 9:30,0,U05Y9O8WQ92OPOI2MIJ2FRMTC1WNUFUTB84C,2076
272,1/12/2021 18:07,5,GQ9A61,5594
273,10/18/2020 8:10,10,MWR029S,6753
274,12/25/2020 10:13,15,ZNP0H2JPDYHK09DM1J6085DXNVMGVW97JEQ1X,6834
275,11/6/2020 2:59,20,MDTO9INAQBZ6MN00B9BN8MU,7894
276,4/22/2020 10:56,0,192INHZA0NPKTHEHE6DCXZ4JTU0GE4I96,4529
277,9/28/2022 2:10,5,UCL28BQ5V3D91KXJ,712
278,11/30/2021 23:35,10,0A1ALR,4932
279,11/25/2021 12:57,15,3BZSEWCPD7LSAH63QF0R4Z3B7S,4062
280,8/20/2020 14:33,20,WW29Y7,7532
281,6/2/2020 8:14,0,HQTTLP8DX2VTIFK8WIPL8XUFGWL4,7233
282,7/5/2021 17:30,5,C5H3HY,2358
283,11/26/2021 16:01,10,2K2SO1,1221
284,1/9/2020 23:27,15,O63OB6,1325
285,6/7/2020 0:00,20,0OO3ILQYJOB8PP1Z5NF33F6RU31P0JXHOH9ZEHU,2783
286,6/24/2020 20:13,0,W55JSWNW2RFUFP440MCN2N3,5441
287,9/28/2020 12:23,5,V3X3R99YFM3N32WFL98FQBY,7362
288,1/9/2020 21:15,10,UY4787,1233
289,9/22/2022 12:20,15,RKWO7C,4993
290,12/14/2022 11:46,20,KYYBCSOOY9WLLK,696
291,9/30/2021 5:03,0,O21SVB,8528
292,12/17/2022 0:33,5,7ZFO4G,6385
293,7/12/2022 13:44,10,TYY1RLB42L4A1FZW6PG,1324
294,10/2/2021 18:04,15,RP6QM9,8646
295,8/23/2020 5:01,20,0GTJE3,387
296,12/9/2020 17:56,0,W95BYL1ZI5LQ4A,4046
297,4/26/2020 16:55,5,8PPBLABDURVMF011FL7NP2RLL51GNGOOFGKN4O950SIGB1N7MR,4805
298,8/9/2021 17:25,10,J56W9V,6034
299,11/3/2021 12:34,15,H60KKS4ROXQS0YLNZ2HMMR8879H2OROI1RWALX9,7174
300,12/10/2020 18:17,20,CIWN6P,227
301,11/14/2020 6:49,0,KJ7OE2,4112
302,4/16/2021 0:07,5,9UPNVK,1256
303,4/23/2020 2:25,10,0KHV3Y4BGLEO83H4DPGYA118UKH713SH2SHQ,4621
304,5/28/2021 10:16,15,ZIU97CVJMD0Y80JDCAAZ84XZDSOW,5059
305,10/29/2020 6:22,20,A5RFFBDFAY473I9VX2M6ZS8L3ZJ0HXRRVLHC2IAUBDA,9537
306,1/8/2020 13:01,0,UECFW0GQKOQIVG99N2K,4095
307,1/9/2021 20:04,5,MQXROAOI,9025
308,5/4/2022 19:29,10,RXGTWK,7243
309,6/11/2021 2:36,15,X3BJWVGPDMVWMSGERG09ZBE5D3EX46CTBRGIN85CJHBRFGE,971
310,8/25/2020 23:09,20,VQ8W2U,4632
311,6/8/2020 11:50,0,D1ZSCT,4516
312,8/24/2021 6:26,5,Y7UISZ,8019
313,9/8/2020 0:02,10,0ARMRN,4527
314,11/24/2020 5:35,15,F6R6KJ,4460
315,12/6/2022 9:31,20,EMQAX3ASVH6ECNFZDT4ON0UBL8SQ14Z5RM9Y84H06IMA8ZD,6761
316,7/12/2022 1:18,0,UD202SZRKL4GSO6QGYV058QP4Z,430
317,12/25/2020 18:16,5,OR3UXRZ28,3260
318,10/28/2020 14:29,10,XVCC27,6765
319,10/4/2022 7:24,15,KM5DTK92ST6VVPL1NV8H6IO0LLY1I58RM6N0TXZOZJ0,4233
320,7/5/2021 10:11,20,3YMUXT7M3PWF6MR85YET,2059
321,11/13/2021 5:00,0,JCLKE5,9024
322,12/29/2020 16:24,5,XXO1UJV9EXIT0TEU6FQSKK,3831
323,8/17/2021 2:11,10,RIB83UYCPY4OHRPQBQ10YE5VAH2XMY4,8965
324,7/26/2022 17:27,15,BU9E80XFKUS521V8C9FIMAX2VDUBF13BL7DOIXBDOPJIFP313Q,6314
325,11/18/2021 2:54,20,Q7A39RUPPTYO42E1G38CCYEAMWJOWMQF9CDK880I,7997
326,4/19/2020 8:58,0,RFH5AD,4413
327,7/3/2021 4:23,5,BP96YC,5747
328,1/15/2022 14:07,10,4WIDOH,137
329,5/4/2020 5:12,15,7I8LDZIPRJX3Q8A4ZLRB7VNRPAS5I,5425
330,11/27/2022 9:04,20,RUJMNAWQVIPLT9,7949
331,12/26/2022 18:02,0,HBRZ9O,9224
332,2/18/2021 8:44,5,NT11ACXOAPS5XUMWDRC41TFQEE8JG6QAPVPRT,9294
333,1/28/2020 11:00,10,VMYRKPOTFK1SL,5409
334,12/15/2020 18:40,15,FFW1L,2915
335,10/6/2022 7:45,20,0518GC,9715
336,2/16/2022 8:08,0,NVP9QRK5W80HF3NPPYEVSCC4938,2830
337,3/14/2021 15:04,5,CF7GGW,1449
338,7/1/2020 5:45,10,XPE6RXY6GTSXH4IRQIMPHOJSF0202ODBOQ,2812
339,3/12/2022 17:05,15,Q9TY64KGYRAF1,7156
340,5/30/2020 10:59,20,CSQOU2,4899
341,6/15/2022 0:09,0,M3CM1K,4967
342,5/26/2021 16:55,5,E7KGJA07FXOTDPDJQIMORFXTE,9377
343,7/30/2021 18:39,10,1HXD01,5053
344,1/27/2022 13:11,15,IU3W6XE66TFVSBVTHNGHDQFCTSHODQFO6K0KSR9H6HXSXW4,9682
345,7/7/2022 23:56,20,CE6GAE,3095
346,2/6/2020 22:36,0,DJPA9H,3357
347,4/10/2022 0:31,5,56YDYNM971Q2UKHLYMZH4YRDJTUVTWUP0TK2GFKAW6E7,9128
348,8/18/2021 8:08,10,8YFEQE,1742
349,10/27/2021 8:34,15,I3BT2X6BAHOQSLNMPJUVOHJS4X,8631
350,2/11/2021 3:43,20,11106CGHWQGAJNDN78W5EJZ60OAYIHWDCVUTCJ29N7A41,2477
351,12/14/2022 23:40,0,G280CAZ63HQRUOAK3L1KRONNF,8977
352,6/29/2022 2:26,5,7P58WA,1799
353,11/5/2021 10:02,10,9B9JUCJDBZT2SN74RYS5JD3HYPKJW8GT,6766
354,5/1/2020 2:22,15,3M7FLR,9411
355,1/27/2022 13:18,20,UNGL38QY3NM4YLN6HIO1ERI,2455
356,11/15/2022 14:26,0,RVVE20XA0JBWUA8P4HEG7PLQHVTS4XYUH5V2PD9SA,1068
357,8/29/2022 21:56,5,P8O22A,8610
358,9/27/2020 8:59,10,D9JZ2CCKWZ4QE3GGPWONSSPOSFQOCPVKA73O2K2K8M4PS9,9540
359,7/10/2022 7:22,15,VM6RWW,2178
360,7/11/2020 21:24,20,NULL,1835
361,7/7/2021 8:38,0,QWRYO3LAFFMV0T345XTC9LM86Z,1488
362,12/25/2021 5:58,5,A3BWJTLKNCADF19RW58CY7JMTCM5TMQE5FE5FBQR8BPRDPS2C,2854
363,12/31/2021 14:16,10,RK8NO3,6214
364,7/14/2021 17:33,15,JWNVCA,2184
365,8/30/2020 5:07,20,6HAT0PHU9IDRPSD0YPHI4WL1SFZSHVYJCH6BFZZCM8,6788
366,4/20/2022 3:06,0,Y6QY2H,5493
367,7/27/2021 19:25,5,TLD8RWE3D61,8206
368,9/23/2022 5:22,10,WUG00E6KJNA006B2BGYBKHSQ4Q8FXBTAQP1BBMY1PI,3769
369,2/17/2021 21:51,15,RY6J6O,3303
370,10/20/2020 1:22,20,J0YQ5LBSK8QZY5F9097N86XLJ8X9F3HV,8154
371,4/29/2021 10:13,0,B58E0Y,7550
372,6/26/2020 12:30,5,9K7IL5INBUAR8EGG89M,6509
373,8/17/2021 21:24,10,QP16EX,5753
374,5/6/2022 20:25,15,8ZOYSZ,4990
375,1/20/2022 10:03,20,82305TIQ992KI0G98Z6AWNQPJ7,3821
376,6/19/2020 12:05,0,8OL9X4RAW5PR5EBC3CY0EFAUD41GCILCN7XUQ4X45WF,6420
377,5/31/2022 21:45,5,RF371R,9252
378,7/20/2022 13:01,10,BXGZ4W,6388
379,1/19/2020 17:30,15,JW22GB,8724
380,10/12/2021 4:18,20,1LRBYUGS5M59A93NWU3V5B3Y0NYHBL9ZR9XHHEPBP5CY1DVFBE,8919
381,1/9/2021 8:27,0,NV2PD9,2299
382,11/14/2022 20:16,5,SR4VHY,1414
383,3/21/2020 5:32,10,WRP1Z6,6573
384,3/23/2022 1:29,15,1QZCRD,4591
385,12/13/2022 9:24,20,U59J5K,7944
386,6/29/2020 15:35,0,Q3STP0,366
387,4/14/2022 22:43,5,TTXN56,4094
388,9/28/2022 8:39,10,EN919Q,4980
389,11/18/2021 5:23,15,0DOF94KJCJVR,5121
390,11/20/2022 17:19,20,NULL,395
391,6/19/2022 10:12,0,QTCJQK,6730
392,6/17/2020 6:05,5,3AR5WT,9307
393,12/21/2020 22:24,10,07BBDY,9440
394,8/31/2021 19:40,15,6D2HHH,7741
395,11/23/2021 2:21,20,1OPOVX2FTRBH0L,7219
396,6/20/2020 18:11,0,WCUSYN,9927
397,5/26/2022 2:39,5,UPKSDA,2077
398,1/17/2020 1:06,10,OB37D2,4713
399,5/30/2021 8:03,15,JOPEY3YWJ8YQL1E,5645
400,3/19/2020 20:50,20,CTWOQBMFC4Z0HK1DR6JBGTBLN9C7A91WDXQ5V91U8IY19,1908
401,7/12/2021 3:11,0,ZCZOIMQGQWE5SOQ5WEKCMDZ3O30A5E,7591
402,7/17/2022 19:09,5,PM3J7B,5042
403,6/30/2020 10:17,10,JQ0I1MDCUCV2UNXJG5LO8W6SLW65INQ8OHUT,4454
404,1/7/2021 7:11,15,S6EL06M5Z9FWXAPBKWH5ZXXLSOQ2QMIDB1PRXD74YY,624
405,10/14/2022 17:30,20,F2HUUY8NCXVAOZZWE5UGQ5LJZ8GCHEEDS90C,5273
406,6/20/2022 11:10,0,DVAJ3I,9556
407,11/11/2020 5:02,5,FGIYQXI4J3TY0O8GNOWHMTX8CTBPXPSO2,5109
408,7/1/2022 13:38,10,M1LUVWBLNZX0WEJQQNU,4146
409,4/10/2021 16:20,15,2QSHEJ,1868
410,8/10/2021 1:12,20,JWKITKPPRH88REQJQS58UEC,6340
411,6/16/2020 16:41,0,86D8RRIUTU3BEY,9390
412,2/10/2020 8:55,5,9VK6H2,7161
413,9/8/2020 15:28,10,LAM0OZ,6943
414,9/28/2020 3:04,15,QH2CGF307S1QZPIM2X4VFM9VAONFC6P1Y4T,9176
415,7/2/2022 12:58,20,N612ZF8PHE5MIWBVYY02190KQ,4525
416,8/22/2021 12:23,0,NISXRP8FUXLSFIX6U2MFN,7622
417,10/6/2021 0:26,5,4IWSOB,1231
418,10/10/2022 12:48,10,RT5L14SBMRD9MBL59L5D,4220
419,8/1/2021 8:09,15,K1KZ5Z1D1DK9VZL,8293
420,3/2/2020 13:31,20,KZ79B3,NULL
421,1/6/2020 4:22,0,K0RRVU,9012
422,10/29/2021 10:47,5,46DZ6K,3574
423,11/4/2020 23:59,10,5BO3S7YGAAIEH,7652
424,3/30/2021 4:32,15,6YAQ8YSA5TGRDRLLBLCGKQSVPCI6,7501
425,5/2/2021 15:11,20,ZE4VWNABUZ6PPREXDJEUP97Z3JALWAQ4Z,6831
426,11/12/2020 4:08,0,C2KYVD,7802
427,7/5/2022 14:07,5,TH3D2R2B8I3PP,4585
428,12/17/2022 1:44,10,ND7X3P,8864
429,6/13/2020 18:03,15,PWSKQZ,3037
430,8/1/2021 15:52,20,J6HHU7V0BGJW54L,1965
431,1/24/2021 9:27,0,XDI4JL,7115
432,5/15/2022 20:38,5,1CVW6HUVU4,1348
433,2/20/2021 4:57,10,ANO85MW7ETZO62W6RKD24S8YOMRKYL9V9O1HT6YL8XOHFOZ2A,7263
434,10/31/2022 20:41,15,SW64C9,506
435,4/2/2020 1:06,20,4DCUF74VHM5BV35PAZTIX0RPCWGRL6MROH,5447
436,6/24/2021 13:18,0,XDPD0OY4NNGW1K9240BC4GDNT8IO5S3Z3,2318
437,5/17/2022 9:58,5,9QT8LOP629JH2X6AHTPGAKVKO5,6274
438,3/13/2022 22:22,10,DL326B,9171
439,6/8/2022 7:59,15,2DHO16JTYU7OP5R2VK6N0XKHTOHD3R8SR69PPED1Y,7366
440,6/24/2020 22:14,20,EY0YP77FQAK47ATGCGW1Y8CSS0DZVPEROCGGQPSKL6SK,7757
441,8/18/2022 10:34,0,PTRGB0D686IXYIILRTGBQFNBRN,8255
442,10/14/2022 9:06,5,GETRYIJ99JLBN5D44IYFV16BX50J6ZGKOK98G,376
443,6/19/2021 16:18,10,FVH8IQL0WV38U4MGC5W9NH4KHRJDWGZIY2YP1KLGLK70SS38,6242
444,4/10/2020 4:10,15,1AUUTME55,2980
445,6/6/2022 0:38,20,B7JRCWK28S1JOMFYX37CU6HDYQAL4TX,2590
446,5/10/2022 1:17,0,GUHG4ODWQDZJ6ZYAOMEBKIIB8F4DC7LCJAGEP2ZOONBAVS,2347
447,10/8/2022 14:37,5,NULL,1199
448,3/25/2020 19:20,10,4AHP2894LVRIAI0LN5KCCOWMS,819
449,3/1/2022 6:43,15,W17TFV,NULL
450,4/2/2020 13:58,20,H4GLLRITVIORB97RZYE8MMJB1HLD3907LNEHLM76Z,4769
451,9/14/2021 17:45,0,3QA4EYTFOU2OMYXW6ARRV217MIPYEZHX5A,8667
452,8/15/2022 13:51,5,PCQVL0,4459
453,6/16/2021 16:57,10,L1WXL3,6472
454,3/29/2021 18:31,15,3GDNXR1VA6ZGKIBKLNAULY2W2MRBTYHPG7,5426
455,3/14/2020 16:27,20,MVIN16,8987
456,9/12/2022 16:24,0,909C7L,8456
457,9/11/2021 19:10,5,5VIIL1KHI8L046V1,5937
458,4/2/2022 5:45,10,UY4787,1456
459,9/6/2022 16:01,15,IKLENQ,5550
460,12/2/2021 13:22,20,Z9W8593L,4042
461,12/15/2022 21:03,0,QTNY24,1104
462,11/25/2020 3:18,5,B2ENCDC9FVM6RRCGHSO6020BMRISSFB5MCG6HXIQ5,9707
463,1/17/2022 19:34,10,DOPFIK5J13,7789
464,9/9/2022 0:29,15,QJW9BQRIOWTS430W,5555
465,7/16/2020 15:45,20,96NDT8,2144
466,1/31/2021 20:03,0,NULL,8555
467,12/20/2021 3:58,5,CIPW1VS5POM51QH58KJLTAAPL9GUS6AHK8RSLWE27AEI,5113
468,11/7/2020 18:48,10,PHSMEN,1499
469,6/28/2020 1:57,15,R9D0JTAOKWBF54LHOJE49LU7K9Z6VDI4WPNR77VN1IA3CFPT,6318
470,1/7/2021 23:39,20,R8PW1A,8162
471,4/7/2022 2:25,0,4S5M18,8139
472,7/25/2022 2:04,5,Q3H2L45A6LBAST44MFY4ISHOWVWFLLA8JR2511FG6HIOSZ89K,3767
473,5/4/2020 4:49,10,X8MOJE,2678
474,2/6/2021 9:55,15,SFLVHE,7428
475,7/15/2020 2:58,20,MMC6SS83W,6481
476,3/23/2020 19:17,0,SA5FMT,5828
477,5/11/2020 18:28,5,PEJ1MY,1624
478,7/27/2020 19:48,10,DVAJ3I,7202
479,10/24/2021 3:55,15,FCRF5N,4821
480,12/23/2021 13:54,20,Y26TFWZ6VAS2VMDH1EK6JIQPJ9VY51LF9SZS,3935
481,2/3/2021 13:32,0,NULL,6565
482,4/11/2022 18:47,5,8MQS0A1UHNJHKORKKSWKUPDQ57VPUTT6RYX,7464
483,10/17/2020 19:01,10,JW3FYW,3814
484,3/13/2020 4:05,15,I1S7VN5C,8628
485,11/16/2022 22:07,20,NLMZ7Z6ITUFHX1ZO6E0D0BHHM8C1ZTDCLLTO,NULL
486,6/10/2021 19:36,0,D14FR0GPKB,5112
487,11/29/2020 3:41,5,FSF8JS,4780
488,11/23/2022 10:27,10,XVCC27,344
489,8/19/2022 4:14,15,ZNHLTD,7095
490,7/20/2020 8:43,20,09MQXN6561W29H85UCZKF08XJZPBO8AP89IRWTBJEN,8769
491,10/12/2022 18:09,0,QMVCBQ,5698
492,2/15/2020 4:12,5,E7QBXD,7859
493,7/7/2022 6:21,10,0D9S973EHQU7WWB7PRR2,5482
494,7/6/2020 18:37,15,0GPDS0,3056
495,7/10/2020 1:11,20,64MT42D5ZXVI644TGQU1KRQ1VAGTOLCC4F4ZJWXJ,273
496,9/23/2021 7:16,0,D519N3,353
497,9/26/2020 13:31,5,TWQ4SJ,6569
498,10/10/2021 15:50,10,87N1X5O8VXM,3883
499,9/24/2022 12:26,15,DT5NV36UAHXV0DOA3G6RR813N2,1412
500,5/5/2021 4:35,20,TYZH0J,NULL
501,5/20/2020 21:18,0,UULBS03R3WKKFHPACEJ9PPL98AUAUSH329C3S,657
502,11/30/2021 19:49,5,70P9JNOUJV1TRCLXD98B,8207
503,9/27/2022 17:23,10,HL2RU62TVF,7038
504,2/21/2021 7:04,15,N6I92RJ6X4IRHZTKZXQ5W7KAK068C8OBA6T,5177
505,12/26/2020 11:33,20,0QI3V3LZV4BFFOOON73,5129
506,2/20/2022 15:42,0,LKCZKV,2534
507,4/13/2022 9:01,5,EY4C6A,4850
508,5/10/2020 7:01,10,R7YZDG,9430
509,9/14/2020 15:33,15,42RPW0,5440
510,12/21/2022 21:11,20,U5HKMKCW71QFVBN8FOQ2V,7824
511,5/3/2022 21:55,0,F2IYVX,6316
512,2/14/2021 23:22,5,TZSF2L,3294
513,6/9/2020 1:50,10,PALJDM,2158
514,9/14/2020 2:06,15,PDPIN3GBU,5066
515,10/28/2020 23:49,20,GU32IPYORODTM5FUTXVQ7Z9,4601
516,9/5/2020 2:15,0,913HRA,7588
517,2/8/2020 8:16,5,WFJEWR,3251
518,11/6/2021 15:29,10,IA4Z6N,3843
519,10/23/2022 2:23,15,UOFISG,5007
520,2/4/2022 20:09,20,ACUTWS,9726
521,3/4/2020 16:21,0,81BQMI,4542
522,1/26/2022 17:32,5,RKUJ9,537
523,3/21/2021 14:35,10,YTJ13Z,6171
524,12/8/2022 17:15,15,ZMAIWI,3609
525,3/28/2021 5:31,20,DR77ZWSOGTDPH6HE,4921
526,2/20/2022 22:13,0,OXR5OM,3485
527,1/18/2020 19:42,5,RDPCY8,NULL
528,10/28/2022 10:12,10,9ZYY84WN1V6NW83N5QMQ67DR81DAGSC18173B7L3KXD7M2,7204
529,7/30/2020 8:43,15,S5N9AF,6849
530,10/21/2021 19:42,20,HYT08UAI69FGIOUN7QB95TP1QT58FM5UPCOTWKD71VK7OG0R,5484
531,6/27/2022 5:46,0,WGROVY,7541
532,8/1/2021 2:39,5,CO88JV,4173
533,11/2/2020 7:23,10,AKR8866U2BXLC3W1H61PU53SU,7509
534,6/20/2020 23:19,15,FGLYNGQA0SS10K8S8Y12I1I9ZVKY4ZRTSMWDUHDWR7F,9317
535,8/4/2021 16:35,20,YLALG8Y,4150
536,3/5/2022 17:44,0,2RD10U,2406
537,7/15/2022 1:24,5,DYDG5BGW8J05SFU66GOL7DEHMH00O,1919
538,8/26/2022 11:57,10,GQT1Q1Q1QEDXI6S4YUO59Z44SY3RTKPKQ0,4484
539,3/17/2022 16:33,15,PL456N,9579
540,9/26/2020 6:24,20,RBNAT3,425
541,2/27/2022 10:35,0,SVGHC0X51JUV19COHVPMHDX9,1010
542,7/21/2020 20:39,5,KSG20O,7039
543,3/10/2022 18:53,10,2OUKPR,8338
544,8/28/2022 7:03,15,6JVEF2G6I9V8KNGHMHIWR4OXFEZNDJ2YIK1K4NRLMR8E,2513
545,3/18/2021 10:48,20,IHRJMB,9157
546,8/27/2021 18:46,0,DIBOKAE6HYLTTYRYM0SQ,8229
547,9/7/2022 2:22,5,NNMA3O6ZWEWKPUL3DTCLJ6ARF5DA8399P35KPRGFYFVN61JO8,5899
548,10/23/2021 4:15,10,FEW2D2KS0AAHTN2I7AYFUZAB,4797
549,9/7/2022 18:48,15,JSSZQJIOL5SDTLBUMT4NQ4MMRLZL1T2B80DLHNP4TC4T40ERZ,5041
550,11/3/2022 22:56,20,N2RZ3TCA9TFUTS9DU2FXU63YOBQJKY18T3FO4TPT8,1602
551,8/15/2021 22:59,0,Z0FMD7,8389
552,11/19/2021 22:03,5,9K70T8,5263
553,12/18/2021 13:27,10,XZ05W7,3073
554,8/19/2020 16:16,15,BCAN0RA3RQ9CA2DS,1529
555,3/2/2021 12:13,20,2LCLQX,1667
556,4/24/2021 3:47,0,YLALG8Y,3067
557,9/11/2020 5:13,5,1IDY9I,878
558,10/20/2022 0:09,10,YF4NOW,7687
559,11/26/2022 1:34,15,PJMTWKWI6J7NKECKXWOTADID5,2547
560,11/4/2021 13:20,20,UJF3YZ,1086
561,2/2/2022 19:59,0,EVX8N3X39FPHG6H6ATKGO5JH4E,6095
562,6/15/2022 22:50,5,RLLGJN,3878
563,10/10/2022 22:19,10,BQ3TOP,5905
564,11/23/2021 19:52,15,V8CVLI,1291
565,6/26/2020 15:24,20,NULL,7046
566,10/2/2020 19:16,0,XCRI4T,3710
567,4/14/2020 15:59,5,H3XTCL,8279
568,12/19/2022 2:31,10,KA7IJVEN4M9UI,6379
569,2/9/2022 9:31,15,MRWBY8NQH4CRK,9135
570,8/25/2021 6:06,20,WL3HL5AUKKPW5B3NQZ7KXKCQUHW8W2FU4JYIAA2NF,4111
571,2/21/2021 0:52,0,4GPJNI,8689
572,6/13/2020 20:20,5,AYH6MU,1974
573,8/21/2022 22:57,10,UMEV7B,8178
574,1/26/2022 19:58,15,TVI77D,5032
575,12/8/2022 9:34,20,QXODJW,1014
576,8/13/2022 19:43,0,K5ENWC,9898
577,11/17/2022 22:39,5,KRNDYI,8004
578,7/24/2021 7:32,10,YWFKGH,4611
579,9/22/2021 6:27,15,JOO6Q8850WGEH,8845
580,7/31/2022 10:45,20,318VBXW7ILPXN6N303MLYDM6TX55,4387
581,6/15/2022 19:51,0,JJFPTGXLMT7LYZDUKBBRPU75WAAOT41SLDIO6ZMOT0TBZP,5797
582,3/27/2021 15:28,5,UG1YOY,257
583,2/20/2020 15:24,10,CTHW9JOMPV4YT7A9ZBI126RU6N09JY299OYH9CRYP,3771
584,9/25/2020 9:47,15,X4OTUX,9690
585,3/7/2020 20:42,20,DH5VKJMUADYP4KP60NW1IE5HDOU6TZ8TQP,7283
586,8/7/2020 7:43,0,VRWYG4INEWHLBXNU2AWXMEJK9N2BF489160DE3VA5ZH4SI6J,6819
587,8/13/2022 13:12,5,JVBUZ288,8104
588,3/15/2020 15:06,10,FBTJ0P3LQWHIUMW17B,7130
589,4/20/2022 11:07,15,0Z3973WGC0A604QY6CA4VCRDUJ2N7AEEHWK,5519
590,4/12/2020 12:48,20,ZDZRHE,9018
591,6/24/2021 12:30,0,VGC387,5759
592,9/25/2022 1:16,5,Z8Q230,4427
593,9/30/2022 10:24,10,YJN333,6888
594,5/13/2020 3:12,15,LOR7ZPCIF3ILR2M92Y5BBD1VOQ2P9LHW3YPGQC2,3091
595,8/23/2021 10:26,20,CCD7O9,9341
596,9/13/2022 11:46,0,G41CI7XV67VZW0,6571
597,10/10/2020 22:21,5,V7X3E3,9464
598,4/16/2020 23:00,10,NULL,9805
599,3/3/2022 15:39,15,5QHV04,4648
600,6/15/2020 15:32,20,5KLMKYPLPGCPKHH4BP858KFRBXP9571TJL,2078
601,5/15/2021 2:47,0,DTR4NC,3351
602,9/18/2022 23:51,5,9PWWX0XTGK1VC,NULL
603,9/12/2022 18:44,10,BZB13TVPCJ3CAYGXX15QOB,6051
604,1/13/2021 12:42,15,4YELZAHVA9XGRGFESX2UV48V5K5,6154
605,9/12/2021 22:04,20,GGRBIDNS8GPTXSV8US22W9R4IOJ,734
606,3/4/2021 2:39,0,B6NOU9VT8XH,1149
607,3/30/2022 23:07,5,7X4JCJ,6818
608,11/21/2022 17:30,10,FBSHNK,6830
609,9/11/2020 6:42,15,NBP3M48LC0LX2WWIJZC4HJK0VXQ,474
610,7/19/2021 16:30,20,994SI4,5569
611,6/6/2021 5:08,0,TWRZ3KMZRAVGCMZ48QALSYNRH5KV5W7MMDH6N2,2961
612,2/17/2022 21:42,5,7WSN7U,7939
613,1/27/2021 17:42,10,8FLRTDWLIZ4AYXRHIR3QL9LLHSS,561
614,4/27/2020 14:49,15,1MP81N3G4TQU07CXQS8BL42YBVKN5PK7OMMGGP9P2EJ3M6L,6181
615,5/21/2022 17:29,20,FSF8JS,9850
616,11/8/2020 4:30,0,ZNOWKKM3A2UYS6YVGAORA1N0,6663
617,4/26/2022 7:25,5,UME84G,2382
618,1/15/2022 12:31,10,3LESYVN7ZO43HD12XVHSQVQ9BGHPRG7CBI7KKRFBHY89PTBI5K,9945
619,9/17/2021 23:09,15,7T5V2X,3823
620,11/19/2022 7:41,20,F7YTTTHPLXFKW87N3HJSQGNE,9970
621,2/19/2021 6:04,0,5H9FKJGJODARPEGZ011UFZ2H9MFMEPH3DO3TV8Y,3916
622,1/31/2020 0:52,5,YYW1D,211
623,8/30/2020 15:24,10,UBH9NJ,3880
624,10/29/2021 20:43,15,U0BWEN,252
625,3/2/2020 17:35,20,WQCV5L,5071
626,5/28/2021 23:36,0,WL3HL5AUKKPW5B3NQZ7KXKCQUHW8W2FU4JYIAA2NF,8232
627,9/13/2020 9:57,5,BS5V47,8248
628,4/10/2022 19:44,10,V69FN5JCL00GZLE1OF9C0PFJ7,6233
629,6/5/2020 9:32,15,QLUT15,5973
630,3/26/2020 21:48,20,S9LIHE,8839
631,11/2/2021 21:22,0,JCPJXA6XWAQ0EZ9J,7389
632,8/2/2022 23:38,5,A2LRV0JV0L2W,1340
633,5/22/2022 15:53,10,3UWKYAZ2Z8G,2899
634,4/8/2021 14:54,15,Y0HF1M,4588
635,3/18/2021 7:57,20,ZOOC6YFUG4G71WD8SB61UAUK7G8EJ7NR85X7,6289
636,9/26/2022 20:01,0,9F9KNMNP6FHOB,5693
637,7/14/2021 20:44,5,0RSIVCB2JXBTCJRSFK61AAYECE2SGWS27MZZ,664
638,2/6/2022 2:42,10,4EKRVBW6117WEHLNMT1DEPY5ZVONC8P5JVN92SDKPB0FSQT6ND,7712
639,1/12/2022 11:44,15,8BY3GP,457
640,1/3/2022 18:03,20,O06PB9K4S1JFIB4RQ9XK,8394
641,5/9/2021 8:36,0,MRYW28,807
642,9/21/2022 19:43,5,5OZJBS6GFZ1K6FEHHP1AIAZKBMS7E7KFYN6UD6LUWR2T94L,9685
643,7/4/2022 8:25,10,VA6CEZ,7638
644,10/1/2020 18:36,15,SFLVHE,9090
645,11/6/2021 7:40,20,SXAPAS,4630
646,5/6/2022 14:48,0,BT0RPVJII3L,5514
647,8/28/2021 7:34,5,PH8QRM,6912
648,6/4/2022 19:34,10,NBD7HH,1762
649,12/22/2020 9:43,15,VUCLI1,9797
650,10/15/2020 5:56,20,3YD7BN,207
651,5/20/2020 4:21,0,QM15FRCSCE4BH8J6JFKL4KMKT8F5B0NEK,2966
652,9/25/2021 9:51,5,ILHK9G1IECNRGYKJDIOSHEGQFC6CJW6VPAAE9KKRHF1CVXK,8896
653,7/29/2021 23:52,10,ALKXZDL4NUS642,4445
654,4/14/2022 7:58,15,3WT6M6,9222
655,4/26/2022 9:29,20,4UZSWL,9603
656,4/15/2021 1:55,0,VMDBWUV,2627
657,1/19/2022 8:27,5,AC0DFXFZR4NX9WZ1EDJ31PWYL49ET56T0NJKN,1665
658,11/13/2020 22:01,10,KT34SX,5824
659,11/12/2020 19:06,15,7T0FA5,473
660,4/16/2020 22:28,20,YGANRF,9739
661,6/20/2020 16:42,0,09W48E,995
662,12/20/2022 3:23,5,9XVC4TPP0U,885
663,6/18/2022 7:58,10,2MKJCZROFEM6GKK9ZMLUG62TDVXL0YQIAXG239F36W4FCA2,9348
664,6/17/2020 8:54,15,EF2YBI,4069
665,9/15/2022 19:09,20,2N37Y0N,9310
666,11/3/2021 5:30,0,EWKC1WZH0VEUAG66DKTALKCU6FLA7NS14HQO06,9967
667,9/28/2022 5:50,5,FVES19VX1GZPQJRCKIZSOF5P3GFNNLL9N,4806
668,10/21/2022 2:48,10,XXKCP4,9554
669,2/9/2022 6:52,15,33Y1QJNHB4WYE0NFMN59SSX,9392
670,8/24/2022 21:29,20,30FDS2,6866
671,4/26/2022 7:46,0,QR2D6U9R9BEOX9Z91XF0H1Y601RWJP0DEKI7KDP,5870
672,3/20/2020 4:42,5,VROF0O,638
673,1/4/2020 0:46,10,G4FQI,8259
674,9/14/2022 5:06,15,3OFZXREJ160,6228
675,7/12/2021 23:05,20,3E5UQC80ZLEM,2691
676,5/30/2021 10:21,0,B1XPM4,9478
677,7/28/2020 16:27,5,L9AMV2,9115
678,11/28/2022 20:48,10,9GSU1F,5148
679,12/23/2022 13:04,15,FEGX4UKZAU4C80V1QE4SN0UHMGBZHF3DY9521CNW2H,5022
680,10/27/2020 2:48,20,ZZYU9L4OVBW8KX85,2467
681,9/30/2022 16:02,0,FQ6P3U,3678
682,4/10/2021 14:23,5,9MG8DO,3857
683,4/19/2021 10:01,10,PALJDM,2
684,8/21/2022 3:37,15,SYV2RW,2009
685,11/6/2022 17:28,20,Y1A8KH2B2OJ14AOEGQM,8340
686,2/8/2020 11:31,0,6ODQ0X8IY5R,3852
687,1/3/2021 23:46,5,JB09Z3LKQAETSXY9MUDQ0P22C82NCP8EAU9U,4531
688,2/8/2020 7:54,10,Q6CBOSLE1ZTMNW84NUY5I3Q5FQV6138ORK5POYTV,1282
689,12/13/2021 5:26,15,9091KWS35TJ1ZN4R0EUT51H6,266
690,12/3/2022 6:03,20,TI20KQ,7019
691,9/7/2020 11:34,0,A83CO15MQI54E9DACT852V7HEIX5SXODCVFG,NULL
692,8/30/2020 22:43,5,JCLKE5,1077
693,3/26/2021 7:36,10,PX5VXSJG1OR33CII0X0MDDJWZ8BP5DSC7W55PKCO,3808
694,9/27/2021 13:16,15,USZYFO,3038
695,7/16/2021 1:21,20,YQGU66VHVYSA61OBEKX,194
696,5/20/2021 5:14,0,NULL,2799
697,4/5/2020 11:45,5,X75C10,1055
698,1/16/2022 23:31,10,N4DOPV022R9DWJD9VWVSMASHU27M8SIXMR,8412
699,1/15/2021 23:28,15,JPC9UIKAYQKDJSKBG,9423
700,1/4/2020 2:09,20,JGWCZV,2731
701,8/8/2022 8:59,0,MGB92BKY2ZLEQW0TZ7,5202
702,11/7/2021 4:47,5,XKM0VI,9816
703,4/25/2020 12:42,10,5WGTK8,7299
704,4/29/2021 12:14,15,I0B9HQ,7021
705,6/20/2021 22:10,20,0CBVFULC6K63MC4PLSTD3701KODJ41AOO7P4RHEXEUFAHZ8,7945
706,3/1/2020 23:38,0,0Q2USHB7TB4OJT0GGWW5TDGXLDWSR87S3Z4CSV07W0MALJI303,1127
707,9/22/2021 9:04,5,4GT008RQ1WKLFU60D10Z2I049B9W76Z1KOH994,5589
708,11/14/2021 18:46,10,USO51F,6285
709,10/2/2020 8:53,15,TLBPP0,9248
710,11/26/2020 23:08,20,0160FM,5900
711,9/17/2020 9:27,0,TFVE2LZZXTF,93
712,2/20/2022 11:39,5,3L95LU,7065
713,11/21/2020 8:57,10,VNIRJM3XBZ78JJH8,3820
714,1/17/2020 16:18,15,T5J2ROB0C902L61A3ZTXHKAP4,6305
715,7/17/2020 6:26,20,THXOOPF0AGV6WQJYK6SIYEY06P0KRJMDU9XRI4JZ51XEPSMMEA,242
716,3/12/2022 2:20,0,NWAA75,6533
717,9/1/2021 17:22,5,SU6FJ5EHG3AENYFPXBY35170SZBWWEUJLPKQNEQQDW5O9,206
718,10/28/2022 4:22,10,Z7LW6N,2749
719,8/10/2020 15:27,15,HQIBBI,2139
720,8/8/2022 7:38,20,OE3M3QPP7N1OANEQUUOVV2VD,1793
721,10/30/2020 5:43,0,0ZIGIMKS5BX95PK,8505
722,8/20/2022 21:55,5,QNFHUR75ZQJTF63GDFH1J2NEQ4JKI,4944
723,11/7/2020 21:21,10,7SI4UVQ3QJHTHCUMEA7HW70NX,8141
724,3/9/2022 0:49,15,A73W0RQ,8387
725,12/17/2021 9:55,20,SW11AB,1224
726,8/26/2021 9:02,0,FGLYNGQA0SS10K8S8Y12I1I9ZVKY4ZRTSMWDUHDWR7F,4235
727,12/24/2021 21:07,5,R43I4L,7396
728,4/7/2021 11:31,10,V0ZLXXQ2PKTPFAGKJXJMC13OX2WAC,1213
729,3/1/2021 3:45,15,BD1CKDWSA5ZKD7557OE07OE4AGVOJ5W9VUOUWNQ5NTKR4,9188
730,2/23/2020 17:51,20,L2UY9R4MM1,7614
731,2/23/2021 22:35,0,XFUQIL,3466
732,7/11/2021 16:57,5,5WBF13,7899
733,11/12/2021 21:20,10,EY0J25,6659
734,12/20/2022 10:54,15,773166ITVMQ4KEZCSR,1268
735,3/20/2021 17:49,20,6NWV3DDGO,2405
736,11/23/2020 11:15,0,7KAOBQY4JGE,7435
737,12/16/2020 1:40,5,9XF5QK1I3Z5,632
738,12/20/2022 21:47,10,Y4N0D6Y3GHMJ,6174
739,3/2/2021 5:26,15,LU6QER,4277
740,9/6/2022 17:49,20,5QKMNP,5761
741,5/18/2021 2:27,0,S5MMSUTMRJZOMQLDSY7CS0KNTD7LK1Y4IEJ5OHZ,693
742,2/19/2022 5:01,5,TN0VI47X5NV4B2FI9E20G,4419
743,5/7/2022 23:02,10,DNAXJLXOANS3EJU8E15XYGI9QWE0XZ,5641
744,1/16/2021 6:18,15,SO6ZB107X9Q8XNWU,6361
745,3/17/2022 20:36,20,SQ02C4,3934
746,7/17/2021 23:55,0,4U6H12,1922
747,10/9/2022 13:46,5,BHL4Z2,990
748,3/9/2021 15:17,10,5XW0IR,1553
749,3/13/2021 6:49,15,PJYLYBJH76O0,8261
750,5/5/2022 23:01,20,NULL,1595
751,9/17/2022 11:52,0,02TD8XUM8VPB6BR8NK8VI13S5EY7OVWTCFGBF3BYK,3605
752,6/8/2020 7:24,5,LWTXD9DHLX865BVKNXUVQHW4Y6UT9A2E36X39AI,1691
753,6/8/2021 8:03,10,WZIXAY9BRM,9865
754,6/9/2021 15:50,15,IDBMT3,5294
755,3/5/2022 20:26,20,Z4N62Q,9549
756,12/18/2022 11:05,0,3NIXF,3459
757,12/30/2020 7:25,5,CLOHC98J64N2ZN5DVY9A9WAMLPCUJRG,7861
758,2/16/2021 11:53,10,YBGTRBVETB3NUZTV9Q79GPLM4GETQ9OSKCBYIFMMZMTN,6124
759,5/13/2022 2:20,15,P23Q6F,2336
760,10/25/2022 13:08,20,2DM5UM,4465
761,3/8/2021 2:31,0,WA23SU,5181
762,6/16/2020 21:32,5,TQWNMN,9920
763,9/15/2020 15:00,10,ZTTT05,8031
764,8/9/2020 15:02,15,1Z92RR,1623
765,10/3/2022 0:33,20,7NK8EGJL5R043GNTODDSLD3TIJUWDJOYLBOHEMSPWSLEGR3FR,1652
766,3/8/2022 16:30,0,SSG2Q78V19MB9JJOWNNJEA,3387
767,4/9/2020 14:19,5,7BK7YBX5W08M46IAQ54IJ0TE5W0PZ56DMA7TILTOP78R,8057
768,12/1/2020 22:04,10,MX5U6D,369
769,10/28/2021 22:29,15,6LCZFUWJK459TJ36Q,8142
770,8/23/2022 19:11,20,H4GLLRITVIORB97RZYE8MMJB1HLD3907LNEHLM76Z,5907
771,3/27/2021 0:39,0,0C2ALD,98
772,9/11/2021 19:35,5,FHNQKHW0TMUNM7HTG236S9LKUFO5,8136
773,8/27/2021 22:55,10,NJ0COV,7302
774,12/3/2020 21:38,15,KC26C7,5694
775,3/23/2021 5:10,20,J043LHX0JFBRKBW8YPY1V5U1ZI9CQNJ1X5PXWZNA,3570
776,9/10/2021 0:43,0,VWSE0J,182
777,4/14/2020 22:53,5,M9IMZT7HSCOI3RHJ093HJYV3175R7A3X,8715
778,10/22/2022 15:03,10,RWONVG6RDX5ANMIWD10UL0SJ6F4H2V49K,6686
779,12/22/2022 4:14,15,GDF67H9RH8V5RPN3YUBJLJ46R,9347
780,6/1/2020 10:00,20,6G0IFW,7255
781,11/16/2021 19:16,0,YSY7TJD7YE9WK5E1MPHQBKPLWUVC0RCL0,5563
782,10/17/2020 5:49,5,MQU2Y68FDPZPLCBDK3W6FY9NEO76TF2O1W3,2291
783,1/26/2020 4:42,10,B2ENCDC9FVM6RRCGHSO6020BMRISSFB5MCG6HXIQ5,5564
784,10/26/2021 4:44,15,KTBAL3,1474
785,6/7/2020 5:59,20,4AI7ORDIIJ,6777
786,9/17/2020 15:10,0,W7DC4M4U8ZGR77WU974F6N1PRWH2Q9,2556
787,2/3/2020 8:54,5,7HZJP78G9JP5G85HNXEFYWLTV1HNLPL2,3907
788,6/5/2020 5:29,10,AFOBW87ZZYVCABYVVGCJU,5397
789,10/16/2020 14:28,15,4D2NA7,491
790,4/2/2021 6:45,20,UTRPFQ,3119
791,11/24/2022 3:50,0,YRTQ7T,8483
792,10/29/2022 13:47,5,3Y2Q5O,6550
793,8/9/2020 19:27,10,A71RXM,2952
794,5/7/2021 16:19,15,WWT2JC,4879
795,7/1/2021 15:18,20,7CEXD0INBBK5LCCSA5JRUJ,5110
796,12/1/2020 4:55,0,17SNL8U54ML6Y4WGES4A,3239
797,6/5/2021 14:01,5,RIP1Q7,1081
798,9/28/2021 7:59,10,O8CSE2,2596
799,4/15/2021 5:46,15,30FDS2,97
800,1/10/2020 4:06,20,BX6O5TGRADY4N5VF04R9ZRU3C6O0NKRVNH5OUCYWE98I9I,8273
801,4/9/2021 9:35,0,S215I28T5Z1KMD31MQJF16XG4WQW2ZWK,7016
802,11/7/2021 15:42,5,WOJBLR,1188
803,5/11/2022 16:49,10,P59VGB6R,NULL
804,7/20/2021 11:38,15,LTAKQTYBYJ7I489YR9ETTXS4OW409,7060
805,2/8/2021 22:22,20,YIU1QS,9766
806,1/5/2021 16:17,0,145DAF,7651
807,10/11/2021 8:30,5,ZC22KABY,2122
808,7/5/2020 10:25,10,VM9D3QJGEJDKIS377ZHGT3GD0J3OCN6VP3AUQKY4U6I5R,2208
809,3/19/2020 10:39,15,X5VHZ5,4405
810,6/25/2020 19:43,20,FX2HH,2613
811,9/4/2022 12:11,0,FPDVPE,9699
812,3/9/2021 16:23,5,PDP9KK,7241
813,2/25/2021 7:40,10,906DY518ALWR7LXILIHL0,7223
814,12/11/2021 16:19,15,YKNW8T,4081
815,12/8/2020 17:51,20,HM3K8ZVFWLAZ7ZX,2466
816,5/21/2020 20:41,0,X8Z6IB6ZIGA1RBSUS03NXOL365SUGUSZXW1HMFZL328,3010
817,5/22/2020 16:50,5,3EADFI,4677
818,11/20/2021 10:17,10,53FC4BPAM,694
819,3/4/2020 9:03,15,VCEFZEES5A5QJGGP9BGK,277
820,1/15/2022 9:23,20,BLFAKN,2554
821,2/3/2022 7:35,0,WM5YEP07KADSCUBFU,6118
822,11/4/2022 8:50,5,4XNIUZLDHUG3XON6K2QAY3JU,8858
823,2/16/2020 7:35,10,3SHUT4,948
824,7/28/2020 15:44,15,HD9HF5N989U75H,3493
825,9/29/2022 15:22,20,I49HY12NURBGZFG8DZ4HFEDDIC40LAQXFKJ6Y1ZAX,3906
826,5/28/2021 10:53,0,NML3SC,4945
827,2/2/2021 0:08,5,E0AZUP,5064
828,4/22/2020 6:36,10,211ITS,7224
829,6/4/2022 6:20,15,LLT0CE,1932
830,4/22/2020 0:15,20,MIZHCA,7524
831,4/6/2020 10:42,0,A0VKKW,1720
832,7/17/2021 14:54,5,SBI2DM,7982
833,7/9/2021 9:17,10,T82GXZUK7B4IE3855DHKO0BZMOK7CTBB5YR,2860
834,12/13/2022 0:07,15,LVN70XIDGB9XEJ,3405
835,2/22/2022 0:25,20,AJ239QGD4GPKWS71Z6YKRATTL2HUX0OGCW6A9IU4,2085
836,1/10/2020 3:34,0,BYYKGC7E7Q7Z1RFVPOA1QLOCPU5J0D5TN6MPR77XE02O,3233
837,6/7/2021 13:01,5,V3TITV,6770
838,7/7/2021 17:04,10,7J2IFD,7966
839,9/16/2020 6:22,15,GD46FEDM1OB08W91XFZHLMT38I37U3BHHZFNMZOUPA,7275
840,6/1/2022 13:42,20,7WJ7T6,145
841,12/7/2021 6:41,0,BMQNO3BNBSEYYOFSLH49E440WP2R1OITEWKFP,2831
842,7/30/2022 22:30,5,PNO46EPX2LZY5LMUKRP8VUQ1N67,2564
843,3/18/2020 18:50,10,BXW85P8EUE1DF3E80O,4826
844,4/22/2020 18:45,15,6ERSHW,7609
845,7/28/2021 18:34,20,XBV3LP,7129
846,9/16/2021 11:27,0,NULL,7536
847,9/3/2021 6:07,5,97962KYBJJYZREMF3ZGDVJ,9003
848,8/29/2021 3:08,10,D0OX8N2YOCVK3A7WJLZ1G4F218SSUMQDZNZW8ARMF,5930
849,5/29/2020 22:27,15,TPKU9N,2062
850,2/9/2021 18:37,20,T7XM8SODDT9D8OG10MKNTADKMIOUK50SJZZF1D,5326
851,7/11/2020 12:05,0,NNMA3O6ZWEWKPUL3DTCLJ6ARF5DA8399P35KPRGFYFVN61JO8,6988
852,7/16/2022 3:44,5,BNJF26Z9A97SJOFGVYBFSA32T3U3IFQ278B97R7,6676
853,7/26/2021 22:56,10,0CY10F,8687
854,3/30/2022 20:23,15,ETLQKFT85VOTN4DM16BZWG1W1Z0N,2702
855,12/5/2020 20:31,20,AMORWBAI3SZ2UMTDGPVP953F8IAJJ,1262
856,6/5/2021 0:45,0,CSQOU2,6626
857,9/22/2021 8:06,5,25BAQ9D48DP4F3UZTRTQN185E7HIW22KDB,1579
858,10/14/2021 1:05,10,DOYRUB,8651
859,10/20/2021 20:17,15,58OIHGK07GH7W2T9WW1FQAERRT9TLGPHOU6SUI84H,7160
860,9/13/2022 11:30,20,RQS9P6T3LVSQLHD9A618GIQEU25SD1UQJLWZQ61RP7N9,7708
861,12/3/2022 16:10,0,EG3G8O,728
862,6/21/2021 1:53,5,B7K7LL4JF9UNDJ1H,8607
863,1/31/2021 4:05,10,O3HG7OVJ3Z4OEB67U99N6EGMXV8RJFDFIM566R5I5,3768
864,11/27/2022 10:25,15,P9LMIX,4175
865,3/21/2020 9:01,20,G8HQSFATA,4394
866,2/17/2021 21:17,0,DM3ETE,2457
867,8/31/2022 7:06,5,VKN75D,3846
868,3/15/2021 7:33,10,9FPFXYHU5C1DISOD1ELBETVKBBCQXOZ3B2V92GONGN3,5357
869,10/19/2022 15:55,15,ON702B11V0XNI1ZOUV01GA04FAL99BHYSXHU,4213
870,11/29/2020 14:17,20,EF2YBI,7869
871,12/14/2021 7:40,0,CVI5JX,2781
872,11/14/2021 23:46,5,WYJZ21,3930
873,3/6/2021 3:54,10,3JRO7W,3206
874,10/2/2020 19:21,15,Z8Q230,9993
875,2/9/2020 2:41,20,54EM5CEVJBR3X2ORMONG4IMM0ETC2UG,6411
876,7/6/2022 9:06,0,VJGBKSCBAURO0J4A7ESW7L47KJ,1136
877,8/18/2022 14:00,5,N4DOPV022R9DWJD9VWVSMASHU27M8SIXMR,5172
878,10/25/2022 12:51,10,3ZR88D,5533
879,12/30/2021 21:10,15,KCBKPU,4834
880,1/13/2021 3:54,20,ISQIAD,3258
881,9/24/2022 4:46,0,VAZ1I9ZWH,4725
882,6/5/2022 21:00,5,R6LW47,6239
883,11/23/2022 8:09,10,6IWS87,2448
884,4/24/2021 11:43,15,RLYBF3V1P9NZLNA6NS7L65LGHDEVEDXL7RS,3483
885,10/11/2022 12:10,20,QG591K,633
886,9/21/2020 6:58,0,8X6YUXUV99K5Z,635
887,12/21/2022 15:59,5,NULL,7947
888,4/10/2022 12:54,10,X2G65CEN468RQRLTT1GGPZSEJKRIRTB5E7EXSG0BSNWT,3021
889,1/7/2022 3:36,15,U28H0N,7158
890,9/18/2020 23:39,20,BHL4Z2,7108
891,4/18/2021 19:28,0,0Y5TWW,9676
892,8/24/2022 11:57,5,OCZM00,3893
893,9/16/2022 20:47,10,G280CAZ63HQRUOAK3L1KRONNF,7451
894,1/2/2021 18:53,15,5Y1ZFASY3HJ9DKENV8U,1119
895,6/28/2022 21:33,20,UQDSO9,6269
896,6/18/2020 4:47,0,F43O5XNHMCY1FSHJ9ORAF6HQ17CYZDUL,8663
897,6/29/2021 18:24,5,PWSJRT,1448
898,4/21/2020 8:25,10,FNP7B1AKDECCA1227JS5WUEC8YXOCCHISP1TR,1377
899,2/2/2020 9:44,15,LULH87EK570D77,8398
900,6/9/2020 21:17,20,VNMY7HCG8XRV44NY10,2928
901,1/16/2022 4:21,0,9OD3BY,7010
902,6/20/2020 22:33,5,8JFRCR,523
903,11/9/2021 11:14,10,68BVXDU64S3TEGXQ,175
904,6/30/2022 8:11,15,OFW6K0,4620
905,2/26/2022 10:57,20,TIWFL,7831
906,8/26/2021 12:19,0,17LFO3O65VBY4Z4YR8EVWJ8IMX1FEM8TZ,6334
907,5/11/2021 23:50,5,QV8LFP,2791
908,10/24/2020 3:34,10,R5AS2L,2104
909,2/19/2022 17:42,15,6N1KZNSWAUXHWN9JHJE6KOA98,4194
910,6/1/2021 11:25,20,0OO3ILQYJOB8PP1Z5NF33F6RU31P0JXHOH9ZEHU,3964
911,10/17/2021 10:46,0,9EOD5P,8292
912,11/27/2021 19:16,5,2QTO9QXAQFVE4RYU05R3LMY8DRBF14P9GKFV5CKQ,9708
913,10/14/2022 3:55,10,T3UJV7L96SGN2RLRSP51L7PL88VWFKNKPAZ3RMUI13MTWD,7077
914,10/7/2020 16:22,15,VYBGZ9DU5TJFYKYDKQ13CTJ86ED0T,2423
915,12/20/2022 6:44,20,JOO6Q8850WGEH,4188
916,6/29/2020 19:09,0,LUW2RMENOR0VRD,2157
917,7/28/2021 17:45,5,2GACCA,9558
918,10/8/2022 16:23,10,V5DEML,8532
919,2/16/2020 22:14,15,NUAZVI,8392
920,6/30/2022 2:03,20,S4ATDG6BJ58ABSMR8UH7CBRLQB,3170
921,2/27/2021 5:19,0,XCL39N59H6E0U32ZRKUOJUN0M9SD1YTDKCJTQ0,4978
922,5/22/2020 18:11,5,D3T7U7MHY94,1730
923,3/8/2022 3:58,10,HV00Y86614Y7FQ6GUCT68J4Z7NVTOECW7VIEAY,7402
924,1/30/2022 16:15,15,PI60P7F5J4R1NDEK,5988
925,8/12/2022 18:49,20,9HY9R67876YUNYT5RY7MXTCIDB5GZOTRK6QCFAEH1DCCZ,3837
926,4/21/2022 19:43,0,S5Q86S,5912
927,2/28/2022 3:00,5,QPMOKJ,1255
928,3/3/2020 9:01,10,G7WJH2,7926
929,4/5/2021 21:48,15,UFTVXQ,7720
930,8/22/2022 21:55,20,E4LKMN,2756
931,1/6/2021 14:42,0,LB4D3R7,2223
932,4/29/2022 5:35,5,591IAG3J5A9K9,4166
933,9/23/2022 3:07,10,DSOOBVS00Q0126XFFBZ7FAUGQASCE4UR1POTBZ8,7367
934,7/22/2021 23:53,15,PA5NRX,2813
935,12/27/2021 23:33,20,TVBQJN,1380
936,4/5/2022 6:13,0,ZD1ZNBFSQ81Z8QMO71ZNNTDLIJIHKS,185
937,7/27/2020 9:45,5,K90BJU,4507
938,5/25/2020 23:58,10,AQBONVTLZ49,5843
939,2/26/2022 0:46,15,LQHG9PH,3142
940,2/14/2021 23:51,20,NULL,NULL
941,5/12/2022 7:08,0,LLPBVP,6566
942,2/27/2022 12:24,5,XQU4CJURMYV0SGTELWQIOATG3DUFZ,4326
943,2/19/2020 19:12,10,8O7OLDKSIAZQD4MNV57ZFO586RU4SM40ZP,9156
944,8/7/2020 16:10,15,4S2MIA,2871
945,12/2/2021 12:54,20,A5CRYUY6TFEY,4685
946,5/22/2022 0:13,0,VO29IZV7,2665
947,11/10/2022 8:03,5,W1F9NJDQ1P9,5699
948,12/10/2021 4:24,10,EQG4SWKI156JJPBB02NHMUD4ELI46DSQIATKPLJ1FVU9ZN,8426
949,1/13/2021 12:10,15,OXW9FY,9038
950,12/30/2021 2:23,20,PB2SQ36,4501
951,11/20/2021 11:03,0,I8QLX9V7Z32D57P79YV4N84K8JVAT,847
952,9/21/2021 2:02,5,SWZV80,6600
953,3/5/2020 10:11,10,KMMOMAEOO0FQY8H3NXRABJBKPJFQFPYJMWA0YI6YXL,4210
954,8/4/2020 7:41,15,YMO7WU,8201
955,4/12/2022 15:59,20,MOUOX31FGF1LFQZOPTBD2QJEQM4T2OQGKWWF3,6522
956,8/26/2021 10:09,0,INLFE6TIVB2FCRUWCD2AYY5KKYDL93F6CDE8H937PVWE,2422
957,4/14/2021 18:36,5,V4XCZWD3MHNX4C93BTV3V,9357
958,10/9/2022 18:59,10,6WGW1I,2941
959,11/17/2022 13:22,15,XY7NXU,7117
960,11/6/2022 15:15,20,58V3XH,628
961,6/28/2022 9:20,0,VZ1B3N,4633
962,3/10/2021 14:48,5,O8L843M5W,1747
963,7/20/2022 5:46,10,IID474,7843
964,6/29/2022 19:48,15,C7POTHUVU,7128
965,5/25/2020 20:43,20,DIZDHMOZCG40IF4TK5KVNUQ8QGHE87JD,3886
966,6/20/2022 5:12,0,PBKD9PSCR8VSUUZIJIAYO0TM77R7U4SVI9QS7H,7837
967,3/6/2022 16:09,5,9QD38Z8WE0BA012V50GY91UYACDDEZYH2,3497
968,3/24/2021 4:02,10,6AUF5V,459
969,10/10/2021 16:49,15,N803TD,7552
970,9/16/2020 0:30,20,99O9LA1LXXWQVS9QOHDSYR,2137
971,12/3/2022 9:25,0,1BXWSY,4603
972,3/4/2021 17:46,5,ME71NIO53JE72R1E4VK8V39F2YY01Y,6302
973,8/12/2020 15:36,10,7QF8YVGYIUVJ2GEB80IDXFDI,1305
974,12/31/2021 22:24,15,63JYM0,2853
975,2/18/2020 18:54,20,4L4066,7845
976,12/30/2021 16:55,0,KSAQE2,9492
977,4/2/2020 22:59,5,K7XSL0LKITNOWZWV4,2846
978,7/31/2021 11:47,10,NR05EY,2449
979,2/29/2020 3:21,15,F4LB1G76BHKI1VJE2PKI,848
980,3/23/2020 18:36,20,5KLVKDMRREUM,8117
981,6/11/2022 11:41,0,1Z6N4F4QOMSUPCQZSYJ069BY5374,1628
982,3/20/2020 22:35,5,QAQVQ7,799
983,2/17/2022 20:52,10,CARXXM7DS1ZR,2366
984,4/6/2022 19:26,15,MVI4WXUD,7383
985,10/2/2020 10:51,20,L64VAJAXWNE4PIXVLYIMC56BE2V7,7601
986,4/17/2022 12:40,0,BNR9ZB,6131
987,2/23/2022 19:23,5,Q72QLNMYPN21BQR0SS,241
988,2/18/2022 19:26,10,CYX06T,854
989,4/11/2022 7:55,15,RIOYOVKLWA7PQG41P,8897
990,5/3/2020 13:23,20,MOHPVJ,7670
991,12/21/2020 11:36,0,RWQN8U51OPEVKIAYKQF7DRC6OK0RUHGHU668,2584
992,10/17/2020 14:46,5,WCRQT6MJ5Y,7461
993,7/8/2020 10:37,10,3X07T2,8732
994,4/21/2022 9:31,15,3YLDSQ6B0APFKBDAJBAAF59I487ZACHDZYZ4MH39GK,2730
995,8/19/2021 14:31,20,83YJI8MR9HT83OVLVNP3AG3KDHA8K7O5KFN87NUYWTSL8TUK,5654
996,3/3/2021 16:20,0,RXGTWK,3275
997,8/10/2022 6:38,5,9XGG5L,9303
998,8/21/2020 23:25,10,RF50S5,6412
999,3/14/2020 19:27,15,1X4C4RD4ET0Z3H6ACV,2083
1000,6/14/2022 7:43,20,ON702B11V0XNI1ZOUV01GA04FAL99BHYSXHU,6341
